timestamp,latitude,longitude
12-04-2023 12:11,13.017155,77.570158
12-04-2023 12:11,13.017155,77.570158
12-04-2023 12:11,13.017155,77.570158
12-04-2023 12:11,13.017155,77.570158
12-04-2023 12:11,13.017155,77.570158
12-04-2023 12:11,13.017156,77.570158
12-04-2023 12:11,13.017156,77.570158
12-04-2023 12:11,13.017156,77.570158
12-04-2023 12:11,13.017156,77.570158
12-04-2023 12:11,13.017156,77.570158
12-04-2023 12:11,13.017156,77.570158
12-04-2023 12:11,13.017157,77.570157
12-04-2023 12:11,13.017157,77.570157
12-04-2023 12:11,13.017157,77.570157
12-04-2023 12:11,13.017157,77.570157
12-04-2023 12:11,13.017157,77.570157
12-04-2023 12:11,13.017157,77.570157
12-04-2023 12:11,13.017157,77.570157
12-04-2023 12:11,13.017157,77.570157
12-04-2023 12:11,13.017157,77.570157
12-04-2023 12:11,13.017157,77.570157
12-04-2023 12:11,13.017157,77.570157
12-04-2023 12:11,13.017157,77.570157
12-04-2023 12:11,13.017157,77.570157
12-04-2023 12:11,13.017157,77.570157
12-04-2023 12:11,13.017157,77.570157
12-04-2023 12:11,13.017157,77.570157
12-04-2023 12:11,13.017157,77.570157
12-04-2023 12:11,13.017157,77.570157
12-04-2023 12:11,13.017157,77.570157
12-04-2023 12:11,13.017157,77.570156
12-04-2023 12:11,13.017157,77.570156
12-04-2023 12:11,13.017157,77.570156
12-04-2023 12:11,13.017157,77.570156
12-04-2023 12:11,13.017157,77.570156
12-04-2023 12:11,13.017157,77.570156
12-04-2023 12:11,13.017157,77.570156
12-04-2023 12:11,13.017157,77.570156
12-04-2023 12:11,13.017157,77.570156
12-04-2023 12:11,13.017157,77.570156
12-04-2023 12:11,13.017157,77.570156
12-04-2023 12:11,13.017157,77.570156
12-04-2023 12:11,13.017157,77.570156
12-04-2023 12:11,13.017157,77.570156
12-04-2023 12:11,13.017157,77.570156
12-04-2023 12:11,13.017157,77.570156
12-04-2023 12:11,13.017157,77.570156
12-04-2023 12:11,13.017157,77.570156
12-04-2023 12:11,13.017157,77.570156
12-04-2023 12:11,13.017157,77.570156
12-04-2023 12:11,13.017157,77.570156
12-04-2023 12:11,13.017157,77.570156
12-04-2023 12:11,13.017157,77.570156
12-04-2023 12:11,13.017157,77.570156
12-04-2023 12:11,13.017157,77.570156
12-04-2023 12:11,13.017157,77.570156
12-04-2023 12:11,13.017157,77.570156
12-04-2023 12:11,13.017157,77.570156
12-04-2023 12:11,13.017157,77.570156
12-04-2023 12:11,13.017157,77.570156
12-04-2023 12:11,13.017157,77.570156
12-04-2023 12:11,13.017157,77.570156
12-04-2023 12:11,13.017157,77.570156
12-04-2023 12:11,13.017157,77.570156
12-04-2023 12:11,13.017157,77.570156
12-04-2023 12:11,13.017157,77.570156
12-04-2023 12:11,13.017157,77.570156
12-04-2023 12:11,13.017157,77.570156
12-04-2023 12:11,13.017157,77.570156
12-04-2023 12:11,13.017157,77.570156
12-04-2023 12:11,13.017157,77.570156
12-04-2023 12:11,13.017157,77.570156
12-04-2023 12:11,13.017157,77.570156
12-04-2023 12:11,13.017157,77.570156
12-04-2023 12:11,13.017157,77.570156
12-04-2023 12:11,13.017157,77.570156
12-04-2023 12:11,13.017157,77.570156
12-04-2023 12:11,13.017157,77.570156
12-04-2023 12:11,13.017157,77.570156
12-04-2023 12:11,13.017157,77.570156
12-04-2023 12:11,13.017157,77.570156
12-04-2023 12:11,13.017157,77.570156
12-04-2023 12:11,13.017157,77.570156
12-04-2023 12:11,13.01717,77.570139
12-04-2023 12:11,13.01717,77.570139
12-04-2023 12:11,13.01717,77.570139
12-04-2023 12:11,13.01717,77.570139
12-04-2023 12:11,13.01717,77.570139
12-04-2023 12:11,13.01717,77.570139
12-04-2023 12:11,13.017181,77.570098
12-04-2023 12:11,13.017181,77.570098
12-04-2023 12:11,13.017181,77.570098
12-04-2023 12:11,13.017181,77.570098
12-04-2023 12:11,13.017181,77.570098
12-04-2023 12:11,13.017181,77.570098
12-04-2023 12:11,13.017193,77.570033
12-04-2023 12:11,13.017193,77.570033
12-04-2023 12:11,13.017193,77.570033
12-04-2023 12:11,13.017193,77.570033
12-04-2023 12:11,13.017193,77.570033
12-04-2023 12:11,13.017193,77.570033
12-04-2023 12:11,13.017206,77.569971
12-04-2023 12:11,13.017206,77.569971
12-04-2023 12:11,13.017206,77.569971
12-04-2023 12:11,13.017206,77.569971
12-04-2023 12:11,13.017206,77.569971
12-04-2023 12:11,13.017206,77.569971
12-04-2023 12:11,13.017227,77.569874
12-04-2023 12:11,13.017227,77.569874
12-04-2023 12:11,13.017227,77.569874
12-04-2023 12:11,13.017227,77.569874
12-04-2023 12:11,13.017227,77.569874
12-04-2023 12:11,13.017227,77.569874
12-04-2023 12:11,13.017216,77.5698
12-04-2023 12:11,13.017216,77.5698
12-04-2023 12:11,13.017216,77.5698
12-04-2023 12:11,13.017216,77.5698
12-04-2023 12:11,13.017216,77.5698
12-04-2023 12:11,13.017216,77.5698
12-04-2023 12:11,13.017218,77.56971
12-04-2023 12:11,13.017218,77.56971
12-04-2023 12:11,13.017218,77.56971
12-04-2023 12:11,13.017218,77.56971
12-04-2023 12:11,13.017218,77.56971
12-04-2023 12:11,13.017218,77.56971
12-04-2023 12:11,13.017217,77.569643
12-04-2023 12:11,13.017217,77.569643
12-04-2023 12:11,13.017217,77.569643
12-04-2023 12:11,13.017217,77.569643
12-04-2023 12:11,13.017217,77.569643
12-04-2023 12:11,13.017217,77.569643
12-04-2023 12:11,13.01723,77.569589
12-04-2023 12:11,13.01723,77.569589
12-04-2023 12:11,13.01723,77.569589
12-04-2023 12:11,13.01723,77.569589
12-04-2023 12:11,13.01723,77.569589
12-04-2023 12:11,13.01723,77.569589
12-04-2023 12:11,13.017213,77.569534
12-04-2023 12:11,13.017213,77.569534
12-04-2023 12:11,13.017213,77.569534
12-04-2023 12:11,13.017213,77.569534
12-04-2023 12:11,13.017213,77.569534
12-04-2023 12:11,13.017213,77.569534
12-04-2023 12:11,13.017222,77.569475
12-04-2023 12:11,13.017222,77.569475
12-04-2023 12:11,13.017222,77.569475
12-04-2023 12:11,13.017222,77.569475
12-04-2023 12:11,13.017222,77.569475
12-04-2023 12:11,13.017223,77.569417
12-04-2023 12:11,13.017223,77.569417
12-04-2023 12:11,13.017223,77.569417
12-04-2023 12:12,13.017223,77.569417
12-04-2023 12:12,13.017223,77.569417
12-04-2023 12:12,13.017223,77.569417
12-04-2023 12:12,13.017224,77.569368
12-04-2023 12:12,13.017224,77.569368
12-04-2023 12:12,13.017224,77.569368
12-04-2023 12:12,13.017224,77.569368
12-04-2023 12:12,13.017224,77.569368
12-04-2023 12:12,13.017224,77.569368
12-04-2023 12:12,13.017224,77.56929
12-04-2023 12:12,13.017224,77.56929
12-04-2023 12:12,13.017224,77.56929
12-04-2023 12:12,13.017224,77.56929
12-04-2023 12:12,13.017224,77.56929
12-04-2023 12:12,13.017224,77.56929
12-04-2023 12:12,13.017241,77.56924
12-04-2023 12:12,13.017241,77.56924
12-04-2023 12:12,13.017241,77.56924
12-04-2023 12:12,13.017241,77.56924
12-04-2023 12:12,13.017241,77.56924
12-04-2023 12:12,13.017241,77.56924
12-04-2023 12:12,13.017254,77.56912
12-04-2023 12:12,13.017254,77.56912
12-04-2023 12:12,13.017254,77.56912
12-04-2023 12:12,13.017254,77.56912
12-04-2023 12:12,13.017254,77.56912
12-04-2023 12:12,13.017254,77.56912
12-04-2023 12:12,13.017264,77.569072
12-04-2023 12:12,13.017264,77.569072
12-04-2023 12:12,13.017264,77.569072
12-04-2023 12:12,13.017264,77.569072
12-04-2023 12:12,13.017264,77.569072
12-04-2023 12:12,13.017258,77.569001
12-04-2023 12:12,13.017258,77.569001
12-04-2023 12:12,13.017258,77.569001
12-04-2023 12:12,13.017258,77.569001
12-04-2023 12:12,13.017258,77.569001
12-04-2023 12:12,13.017258,77.569001
12-04-2023 12:12,13.01727,77.568913
12-04-2023 12:12,13.01727,77.568913
12-04-2023 12:12,13.01727,77.568913
12-04-2023 12:12,13.01727,77.568913
12-04-2023 12:12,13.01727,77.568913
12-04-2023 12:12,13.01727,77.568913
12-04-2023 12:12,13.017281,77.568855
12-04-2023 12:12,13.017281,77.568855
12-04-2023 12:12,13.017281,77.568855
12-04-2023 12:12,13.017281,77.568855
12-04-2023 12:12,13.017281,77.568855
12-04-2023 12:12,13.017281,77.568855
12-04-2023 12:12,13.017277,77.568782
12-04-2023 12:12,13.017277,77.568782
12-04-2023 12:12,13.017277,77.568782
12-04-2023 12:12,13.017277,77.568782
12-04-2023 12:12,13.017277,77.568782
12-04-2023 12:12,13.017277,77.568782
12-04-2023 12:12,13.017284,77.568722
12-04-2023 12:12,13.017284,77.568722
12-04-2023 12:12,13.017284,77.568722
12-04-2023 12:12,13.017284,77.568722
12-04-2023 12:12,13.017284,77.568722
12-04-2023 12:12,13.017284,77.568722
12-04-2023 12:12,13.017282,77.56866
12-04-2023 12:12,13.017282,77.56866
12-04-2023 12:12,13.017282,77.56866
12-04-2023 12:12,13.017282,77.56866
12-04-2023 12:12,13.017282,77.56866
12-04-2023 12:12,13.017282,77.56866
12-04-2023 12:12,13.017301,77.568588
12-04-2023 12:12,13.017301,77.568588
12-04-2023 12:12,13.017301,77.568588
12-04-2023 12:12,13.017301,77.568588
12-04-2023 12:12,13.017301,77.568588
12-04-2023 12:12,13.017301,77.568588
12-04-2023 12:12,13.017309,77.568513
12-04-2023 12:12,13.017309,77.568513
12-04-2023 12:12,13.017309,77.568513
12-04-2023 12:12,13.017309,77.568513
12-04-2023 12:12,13.017309,77.568513
12-04-2023 12:12,13.017309,77.568513
12-04-2023 12:12,13.017302,77.568478
12-04-2023 12:12,13.017302,77.568478
12-04-2023 12:12,13.017302,77.568478
12-04-2023 12:12,13.017302,77.568478
12-04-2023 12:12,13.017302,77.568478
12-04-2023 12:12,13.017302,77.568478
12-04-2023 12:12,13.017313,77.568439
12-04-2023 12:12,13.017313,77.568439
12-04-2023 12:12,13.017313,77.568439
12-04-2023 12:12,13.017313,77.568439
12-04-2023 12:12,13.017313,77.568439
12-04-2023 12:12,13.017313,77.568439
12-04-2023 12:12,13.01732,77.56839
12-04-2023 12:12,13.01732,77.56839
12-04-2023 12:12,13.01732,77.56839
12-04-2023 12:12,13.01732,77.56839
12-04-2023 12:12,13.01732,77.56839
12-04-2023 12:12,13.01732,77.56839
12-04-2023 12:12,13.017326,77.568325
12-04-2023 12:12,13.017326,77.568325
12-04-2023 12:12,13.017326,77.568325
12-04-2023 12:12,13.017326,77.568325
12-04-2023 12:12,13.017326,77.568325
12-04-2023 12:12,13.017326,77.568325
12-04-2023 12:12,13.017327,77.568273
12-04-2023 12:12,13.017327,77.568273
12-04-2023 12:12,13.017327,77.568273
12-04-2023 12:12,13.017327,77.568273
12-04-2023 12:12,13.017327,77.568273
12-04-2023 12:12,13.017327,77.568273
12-04-2023 12:12,13.017332,77.568268
12-04-2023 12:12,13.017332,77.568268
12-04-2023 12:12,13.017332,77.568268
12-04-2023 12:12,13.017332,77.568268
12-04-2023 12:12,13.017332,77.568268
12-04-2023 12:12,13.017332,77.568268
12-04-2023 12:12,13.017333,77.568236
12-04-2023 12:12,13.017333,77.568236
12-04-2023 12:12,13.017333,77.568236
12-04-2023 12:12,13.017333,77.568236
12-04-2023 12:12,13.017333,77.568236
12-04-2023 12:12,13.017333,77.568236
12-04-2023 12:12,13.017334,77.568201
12-04-2023 12:12,13.017334,77.568201
12-04-2023 12:12,13.017334,77.568201
12-04-2023 12:12,13.017334,77.568201
12-04-2023 12:12,13.017334,77.568201
12-04-2023 12:12,13.017334,77.568201
12-04-2023 12:12,13.017343,77.568164
12-04-2023 12:12,13.017343,77.568164
12-04-2023 12:12,13.017343,77.568164
12-04-2023 12:12,13.017343,77.568164
12-04-2023 12:12,13.017343,77.568164
12-04-2023 12:12,13.017343,77.568164
12-04-2023 12:12,13.017343,77.568164
12-04-2023 12:12,13.017362,77.56813
12-04-2023 12:12,13.017362,77.56813
12-04-2023 12:12,13.017362,77.56813
12-04-2023 12:12,13.017362,77.56813
12-04-2023 12:12,13.017362,77.56813
12-04-2023 12:12,13.017362,77.56813
12-04-2023 12:12,13.017392,77.568099
12-04-2023 12:12,13.017392,77.568099
12-04-2023 12:12,13.017392,77.568099
12-04-2023 12:12,13.017392,77.568099
12-04-2023 12:12,13.017392,77.568099
12-04-2023 12:12,13.017392,77.568099
12-04-2023 12:12,13.017426,77.568083
12-04-2023 12:12,13.017426,77.568083
12-04-2023 12:12,13.017426,77.568083
12-04-2023 12:12,13.017426,77.568083
12-04-2023 12:12,13.017426,77.568083
12-04-2023 12:12,13.017426,77.568083
12-04-2023 12:12,13.017452,77.568073
12-04-2023 12:12,13.017452,77.568073
12-04-2023 12:12,13.017452,77.568073
12-04-2023 12:12,13.017452,77.568073
12-04-2023 12:12,13.017452,77.568073
12-04-2023 12:12,13.017452,77.568073
12-04-2023 12:12,13.017452,77.568073
12-04-2023 12:12,13.017477,77.568061
12-04-2023 12:12,13.017477,77.568061
12-04-2023 12:12,13.017477,77.568061
12-04-2023 12:12,13.017477,77.568061
12-04-2023 12:12,13.017477,77.568061
12-04-2023 12:12,13.017477,77.568061
12-04-2023 12:12,13.017492,77.568049
12-04-2023 12:12,13.017492,77.568049
12-04-2023 12:12,13.017492,77.568049
12-04-2023 12:12,13.017492,77.568049
12-04-2023 12:12,13.017492,77.568049
12-04-2023 12:12,13.017492,77.568049
12-04-2023 12:12,13.017505,77.568042
12-04-2023 12:12,13.017505,77.568042
12-04-2023 12:12,13.017505,77.568042
12-04-2023 12:12,13.017505,77.568042
12-04-2023 12:12,13.017505,77.568042
12-04-2023 12:12,13.017505,77.568042
12-04-2023 12:12,13.017526,77.568039
12-04-2023 12:12,13.017526,77.568039
12-04-2023 12:12,13.017526,77.568039
12-04-2023 12:12,13.017526,77.568039
12-04-2023 12:12,13.017526,77.568039
12-04-2023 12:12,13.017526,77.568039
12-04-2023 12:12,13.017562,77.568042
12-04-2023 12:12,13.017562,77.568042
12-04-2023 12:12,13.017562,77.568042
12-04-2023 12:12,13.017562,77.568042
12-04-2023 12:12,13.017562,77.568042
12-04-2023 12:12,13.017562,77.568042
12-04-2023 12:12,13.01762,77.568034
12-04-2023 12:12,13.01762,77.568034
12-04-2023 12:12,13.01762,77.568034
12-04-2023 12:12,13.01762,77.568034
12-04-2023 12:12,13.01762,77.568034
12-04-2023 12:12,13.01762,77.568034
12-04-2023 12:12,13.01762,77.568034
12-04-2023 12:12,13.017676,77.56802
12-04-2023 12:12,13.017676,77.56802
12-04-2023 12:12,13.017676,77.56802
12-04-2023 12:12,13.017676,77.56802
12-04-2023 12:12,13.017676,77.56802
12-04-2023 12:12,13.017754,77.568017
12-04-2023 12:12,13.017754,77.568017
12-04-2023 12:12,13.017754,77.568017
12-04-2023 12:12,13.017754,77.568017
12-04-2023 12:12,13.017754,77.568017
12-04-2023 12:12,13.017754,77.568017
12-04-2023 12:12,13.017826,77.568018
12-04-2023 12:12,13.017826,77.568018
12-04-2023 12:12,13.017826,77.568018
12-04-2023 12:12,13.017826,77.568018
12-04-2023 12:12,13.017826,77.568018
12-04-2023 12:12,13.017826,77.568018
12-04-2023 12:12,13.017903,77.568012
12-04-2023 12:12,13.017903,77.568012
12-04-2023 12:12,13.017903,77.568012
12-04-2023 12:12,13.017903,77.568012
12-04-2023 12:12,13.017903,77.568012
12-04-2023 12:12,13.017903,77.568012
12-04-2023 12:12,13.01797,77.568018
12-04-2023 12:12,13.01797,77.568018
12-04-2023 12:12,13.01797,77.568018
12-04-2023 12:12,13.01797,77.568018
12-04-2023 12:12,13.01797,77.568018
12-04-2023 12:12,13.01797,77.568018
12-04-2023 12:12,13.018035,77.568021
12-04-2023 12:12,13.018035,77.568021
12-04-2023 12:12,13.018035,77.568021
12-04-2023 12:12,13.018035,77.568021
12-04-2023 12:12,13.018035,77.568021
12-04-2023 12:12,13.018035,77.568021
12-04-2023 12:12,13.018123,77.568028
12-04-2023 12:12,13.018123,77.568028
12-04-2023 12:12,13.018123,77.568028
12-04-2023 12:12,13.018123,77.568028
12-04-2023 12:12,13.018123,77.568028
12-04-2023 12:12,13.018123,77.568028
12-04-2023 12:12,13.018213,77.568027
12-04-2023 12:12,13.018213,77.568027
12-04-2023 12:12,13.018213,77.568027
12-04-2023 12:12,13.018213,77.568027
12-04-2023 12:12,13.018213,77.568027
12-04-2023 12:12,13.018213,77.568027
12-04-2023 12:12,13.018291,77.568025
12-04-2023 12:12,13.018291,77.568025
12-04-2023 12:12,13.018291,77.568025
12-04-2023 12:12,13.018291,77.568025
12-04-2023 12:12,13.018291,77.568025
12-04-2023 12:12,13.018291,77.568025
12-04-2023 12:12,13.018344,77.568023
12-04-2023 12:12,13.018344,77.568023
12-04-2023 12:12,13.018344,77.568023
12-04-2023 12:12,13.018344,77.568023
12-04-2023 12:12,13.018344,77.568023
12-04-2023 12:12,13.018344,77.568023
12-04-2023 12:12,13.018349,77.568025
12-04-2023 12:12,13.018349,77.568025
12-04-2023 12:12,13.018349,77.568025
12-04-2023 12:12,13.018349,77.568025
12-04-2023 12:12,13.018349,77.568025
12-04-2023 12:12,13.018349,77.568025
12-04-2023 12:12,13.018383,77.56804
12-04-2023 12:12,13.018383,77.56804
12-04-2023 12:12,13.018383,77.56804
12-04-2023 12:12,13.018383,77.56804
12-04-2023 12:12,13.018383,77.56804
12-04-2023 12:12,13.018383,77.56804
12-04-2023 12:12,13.018433,77.568045
12-04-2023 12:12,13.018433,77.568045
12-04-2023 12:12,13.018433,77.568045
12-04-2023 12:12,13.018433,77.568045
12-04-2023 12:12,13.018433,77.568045
12-04-2023 12:12,13.018433,77.568045
12-04-2023 12:12,13.018481,77.568049
12-04-2023 12:12,13.018481,77.568049
12-04-2023 12:12,13.018481,77.568049
12-04-2023 12:12,13.018481,77.568049
12-04-2023 12:12,13.018481,77.568049
12-04-2023 12:12,13.018481,77.568049
12-04-2023 12:12,13.018543,77.56804
12-04-2023 12:12,13.018543,77.56804
12-04-2023 12:12,13.018543,77.56804
12-04-2023 12:12,13.018543,77.56804
12-04-2023 12:12,13.018543,77.56804
12-04-2023 12:12,13.018543,77.56804
12-04-2023 12:12,13.018596,77.568064
12-04-2023 12:12,13.018596,77.568064
12-04-2023 12:12,13.018596,77.568064
12-04-2023 12:12,13.018596,77.568064
12-04-2023 12:12,13.018596,77.568064
12-04-2023 12:12,13.018659,77.568073
12-04-2023 12:12,13.018659,77.568073
12-04-2023 12:12,13.018659,77.568073
12-04-2023 12:12,13.018659,77.568073
12-04-2023 12:12,13.018659,77.568073
12-04-2023 12:12,13.018659,77.568073
12-04-2023 12:12,13.018728,77.568088
12-04-2023 12:12,13.018728,77.568088
12-04-2023 12:12,13.018728,77.568088
12-04-2023 12:12,13.018728,77.568088
12-04-2023 12:12,13.018728,77.568088
12-04-2023 12:12,13.018728,77.568088
12-04-2023 12:12,13.018807,77.56809
12-04-2023 12:12,13.018807,77.56809
12-04-2023 12:12,13.018807,77.56809
12-04-2023 12:12,13.018807,77.56809
12-04-2023 12:12,13.018807,77.56809
12-04-2023 12:12,13.018807,77.56809
12-04-2023 12:12,13.018886,77.568101
12-04-2023 12:12,13.018886,77.568101
12-04-2023 12:12,13.018886,77.568101
12-04-2023 12:12,13.018886,77.568101
12-04-2023 12:12,13.018886,77.568101
12-04-2023 12:12,13.018886,77.568101
12-04-2023 12:12,13.01895,77.568099
12-04-2023 12:12,13.01895,77.568099
12-04-2023 12:12,13.01895,77.568099
12-04-2023 12:12,13.01895,77.568099
12-04-2023 12:12,13.01895,77.568099
12-04-2023 12:12,13.019036,77.568115
12-04-2023 12:12,13.019036,77.568115
12-04-2023 12:12,13.019036,77.568115
12-04-2023 12:12,13.019036,77.568115
12-04-2023 12:12,13.019036,77.568115
12-04-2023 12:12,13.019036,77.568115
12-04-2023 12:12,13.019036,77.568115
12-04-2023 12:12,13.019134,77.568121
12-04-2023 12:12,13.019134,77.568121
12-04-2023 12:12,13.019134,77.568121
12-04-2023 12:12,13.019134,77.568121
12-04-2023 12:12,13.019134,77.568121
12-04-2023 12:12,13.019134,77.568121
12-04-2023 12:12,13.019218,77.568086
12-04-2023 12:12,13.019218,77.568086
12-04-2023 12:12,13.019218,77.568086
12-04-2023 12:12,13.019218,77.568086
12-04-2023 12:12,13.019218,77.568086
12-04-2023 12:12,13.019218,77.568086
12-04-2023 12:12,13.019218,77.568086
12-04-2023 12:12,13.019316,77.56809
12-04-2023 12:12,13.019316,77.56809
12-04-2023 12:12,13.019316,77.56809
12-04-2023 12:12,13.019316,77.56809
12-04-2023 12:12,13.019316,77.56809
12-04-2023 12:12,13.019316,77.56809
12-04-2023 12:12,13.019391,77.568095
12-04-2023 12:12,13.019391,77.568095
12-04-2023 12:12,13.019391,77.568095
12-04-2023 12:12,13.019391,77.568095
12-04-2023 12:12,13.019391,77.568095
12-04-2023 12:12,13.019391,77.568095
12-04-2023 12:12,13.019483,77.56809
12-04-2023 12:12,13.019483,77.56809
12-04-2023 12:12,13.019483,77.56809
12-04-2023 12:12,13.019483,77.56809
12-04-2023 12:12,13.019483,77.56809
12-04-2023 12:12,13.019483,77.56809
12-04-2023 12:12,13.019564,77.568107
12-04-2023 12:12,13.019564,77.568107
12-04-2023 12:12,13.019564,77.568107
12-04-2023 12:13,13.019564,77.568107
12-04-2023 12:13,13.019564,77.568107
12-04-2023 12:13,13.019564,77.568107
12-04-2023 12:13,13.019648,77.568111
12-04-2023 12:13,13.019648,77.568111
12-04-2023 12:13,13.019648,77.568111
12-04-2023 12:13,13.019648,77.568111
12-04-2023 12:13,13.019648,77.568111
12-04-2023 12:13,13.019648,77.568111
12-04-2023 12:13,13.019721,77.568104
12-04-2023 12:13,13.019721,77.568104
12-04-2023 12:13,13.019721,77.568104
12-04-2023 12:13,13.019721,77.568104
12-04-2023 12:13,13.019721,77.568104
12-04-2023 12:13,13.019721,77.568104
12-04-2023 12:13,13.019721,77.568104
12-04-2023 12:13,13.019802,77.568105
12-04-2023 12:13,13.019802,77.568105
12-04-2023 12:13,13.019802,77.568105
12-04-2023 12:13,13.019802,77.568105
12-04-2023 12:13,13.019802,77.568105
12-04-2023 12:13,13.019887,77.568118
12-04-2023 12:13,13.019887,77.568118
12-04-2023 12:13,13.019887,77.568118
12-04-2023 12:13,13.019887,77.568118
12-04-2023 12:13,13.019887,77.568118
12-04-2023 12:13,13.019887,77.568118
12-04-2023 12:13,13.019951,77.56816
12-04-2023 12:13,13.019951,77.56816
12-04-2023 12:13,13.019951,77.56816
12-04-2023 12:13,13.019951,77.56816
12-04-2023 12:13,13.019951,77.56816
12-04-2023 12:13,13.019951,77.56816
12-04-2023 12:13,13.019996,77.568153
12-04-2023 12:13,13.019996,77.568153
12-04-2023 12:13,13.019996,77.568153
12-04-2023 12:13,13.019996,77.568153
12-04-2023 12:13,13.019996,77.568153
12-04-2023 12:13,13.02003,77.568158
12-04-2023 12:13,13.02003,77.568158
12-04-2023 12:13,13.02003,77.568158
12-04-2023 12:13,13.02003,77.568158
12-04-2023 12:13,13.02003,77.568158
12-04-2023 12:13,13.02003,77.568158
12-04-2023 12:13,13.02003,77.568158
12-04-2023 12:13,13.020063,77.568151
12-04-2023 12:13,13.020063,77.568151
12-04-2023 12:13,13.020063,77.568151
12-04-2023 12:13,13.020063,77.568151
12-04-2023 12:13,13.020063,77.568151
12-04-2023 12:13,13.020063,77.568151
12-04-2023 12:13,13.020077,77.568141
12-04-2023 12:13,13.020077,77.568141
12-04-2023 12:13,13.020077,77.568141
12-04-2023 12:13,13.020077,77.568141
12-04-2023 12:13,13.020077,77.568141
12-04-2023 12:13,13.020115,77.56813
12-04-2023 12:13,13.020115,77.56813
12-04-2023 12:13,13.020115,77.56813
12-04-2023 12:13,13.020115,77.56813
12-04-2023 12:13,13.020115,77.56813
12-04-2023 12:13,13.020115,77.56813
12-04-2023 12:13,13.020146,77.568137
12-04-2023 12:13,13.020146,77.568137
12-04-2023 12:13,13.020146,77.568137
12-04-2023 12:13,13.020146,77.568137
12-04-2023 12:13,13.020146,77.568137
12-04-2023 12:13,13.020146,77.568137
12-04-2023 12:13,13.02018,77.568138
12-04-2023 12:13,13.02018,77.568138
12-04-2023 12:13,13.02018,77.568138
12-04-2023 12:13,13.02018,77.568138
12-04-2023 12:13,13.02018,77.568138
12-04-2023 12:13,13.02018,77.568138
12-04-2023 12:13,13.020207,77.568131
12-04-2023 12:13,13.020207,77.568131
12-04-2023 12:13,13.020207,77.568131
12-04-2023 12:13,13.020207,77.568131
12-04-2023 12:13,13.020207,77.568131
12-04-2023 12:13,13.020207,77.568131
12-04-2023 12:13,13.020207,77.568131
12-04-2023 12:13,13.020236,77.56811
12-04-2023 12:13,13.020236,77.56811
12-04-2023 12:13,13.020236,77.56811
12-04-2023 12:13,13.020236,77.56811
12-04-2023 12:13,13.020236,77.56811
12-04-2023 12:13,13.020251,77.568079
12-04-2023 12:13,13.020251,77.568079
12-04-2023 12:13,13.020251,77.568079
12-04-2023 12:13,13.020251,77.568079
12-04-2023 12:13,13.020251,77.568079
12-04-2023 12:13,13.020251,77.568079
12-04-2023 12:13,13.020251,77.568079
12-04-2023 12:13,13.020261,77.568038
12-04-2023 12:13,13.020261,77.568038
12-04-2023 12:13,13.020261,77.568038
12-04-2023 12:13,13.020261,77.568038
12-04-2023 12:13,13.020261,77.568038
12-04-2023 12:13,13.020261,77.568038
12-04-2023 12:13,13.020272,77.567995
12-04-2023 12:13,13.020272,77.567995
12-04-2023 12:13,13.020272,77.567995
12-04-2023 12:13,13.020272,77.567995
12-04-2023 12:13,13.020272,77.567995
12-04-2023 12:13,13.020285,77.567952
12-04-2023 12:13,13.020285,77.567952
12-04-2023 12:13,13.020285,77.567952
12-04-2023 12:13,13.020285,77.567952
12-04-2023 12:13,13.020285,77.567952
12-04-2023 12:13,13.020285,77.567952
12-04-2023 12:13,13.020294,77.567909
12-04-2023 12:13,13.020294,77.567909
12-04-2023 12:13,13.020294,77.567909
12-04-2023 12:13,13.020294,77.567909
12-04-2023 12:13,13.020294,77.567909
12-04-2023 12:13,13.020294,77.567909
12-04-2023 12:13,13.020297,77.567862
12-04-2023 12:13,13.020297,77.567862
12-04-2023 12:13,13.020297,77.567862
12-04-2023 12:13,13.020297,77.567862
12-04-2023 12:13,13.020297,77.567862
12-04-2023 12:13,13.020297,77.567862
12-04-2023 12:13,13.020301,77.567815
12-04-2023 12:13,13.020301,77.567815
12-04-2023 12:13,13.020301,77.567815
12-04-2023 12:13,13.020301,77.567815
12-04-2023 12:13,13.020301,77.567815
12-04-2023 12:13,13.020301,77.567815
12-04-2023 12:13,13.020301,77.567815
12-04-2023 12:13,13.020305,77.567757
12-04-2023 12:13,13.020305,77.567757
12-04-2023 12:13,13.020305,77.567757
12-04-2023 12:13,13.020305,77.567757
12-04-2023 12:13,13.020305,77.567757
12-04-2023 12:13,13.020305,77.567757
12-04-2023 12:13,13.020309,77.567702
12-04-2023 12:13,13.020309,77.567702
12-04-2023 12:13,13.020309,77.567702
12-04-2023 12:13,13.020309,77.567702
12-04-2023 12:13,13.020309,77.567702
12-04-2023 12:13,13.020309,77.567702
12-04-2023 12:13,13.020314,77.567651
12-04-2023 12:13,13.020314,77.567651
12-04-2023 12:13,13.020314,77.567651
12-04-2023 12:13,13.020314,77.567651
12-04-2023 12:13,13.020314,77.567651
12-04-2023 12:13,13.020314,77.567651
12-04-2023 12:13,13.020319,77.567605
12-04-2023 12:13,13.020319,77.567605
12-04-2023 12:13,13.020319,77.567605
12-04-2023 12:13,13.020319,77.567605
12-04-2023 12:13,13.020319,77.567605
12-04-2023 12:13,13.020319,77.567605
12-04-2023 12:13,13.020326,77.567576
12-04-2023 12:13,13.020326,77.567576
12-04-2023 12:13,13.020326,77.567576
12-04-2023 12:13,13.020326,77.567576
12-04-2023 12:13,13.020326,77.567576
12-04-2023 12:13,13.020326,77.567576
12-04-2023 12:13,13.020336,77.567567
12-04-2023 12:13,13.020336,77.567567
12-04-2023 12:13,13.020336,77.567567
12-04-2023 12:13,13.020336,77.567567
12-04-2023 12:13,13.020336,77.567567
12-04-2023 12:13,13.020336,77.567567
12-04-2023 12:13,13.02034,77.567548
12-04-2023 12:13,13.02034,77.567548
12-04-2023 12:13,13.02034,77.567548
12-04-2023 12:13,13.02034,77.567548
12-04-2023 12:13,13.02034,77.567548
12-04-2023 12:13,13.02034,77.567548
12-04-2023 12:13,13.020341,77.567515
12-04-2023 12:13,13.020341,77.567515
12-04-2023 12:13,13.020341,77.567515
12-04-2023 12:13,13.020341,77.567515
12-04-2023 12:13,13.020341,77.567515
12-04-2023 12:13,13.020341,77.567515
12-04-2023 12:13,13.020341,77.567478
12-04-2023 12:13,13.020341,77.567478
12-04-2023 12:13,13.020341,77.567478
12-04-2023 12:13,13.020341,77.567478
12-04-2023 12:13,13.020341,77.567478
12-04-2023 12:13,13.020341,77.567478
12-04-2023 12:13,13.020341,77.567478
12-04-2023 12:13,13.020342,77.567441
12-04-2023 12:13,13.020342,77.567441
12-04-2023 12:13,13.020342,77.567441
12-04-2023 12:13,13.020342,77.567441
12-04-2023 12:13,13.020342,77.567441
12-04-2023 12:13,13.020342,77.567441
12-04-2023 12:13,13.020342,77.567385
12-04-2023 12:13,13.020342,77.567385
12-04-2023 12:13,13.020342,77.567385
12-04-2023 12:13,13.020342,77.567385
12-04-2023 12:13,13.020342,77.567385
12-04-2023 12:13,13.020342,77.567385
12-04-2023 12:13,13.020349,77.567328
12-04-2023 12:13,13.020349,77.567328
12-04-2023 12:13,13.020349,77.567328
12-04-2023 12:13,13.020349,77.567328
12-04-2023 12:13,13.020349,77.567328
12-04-2023 12:13,13.020349,77.567328
12-04-2023 12:13,13.020374,77.567209
12-04-2023 12:13,13.020374,77.567209
12-04-2023 12:13,13.020374,77.567209
12-04-2023 12:13,13.020374,77.567209
12-04-2023 12:13,13.020374,77.567209
12-04-2023 12:13,13.020374,77.567209
12-04-2023 12:13,13.020375,77.567151
12-04-2023 12:13,13.020375,77.567151
12-04-2023 12:13,13.020375,77.567151
12-04-2023 12:13,13.020375,77.567151
12-04-2023 12:13,13.020375,77.567151
12-04-2023 12:13,13.020375,77.567151
12-04-2023 12:13,13.02038,77.567097
12-04-2023 12:13,13.02038,77.567097
12-04-2023 12:13,13.02038,77.567097
12-04-2023 12:13,13.02038,77.567097
12-04-2023 12:13,13.02038,77.567097
12-04-2023 12:13,13.02038,77.567097
12-04-2023 12:13,13.020373,77.567049
12-04-2023 12:13,13.020373,77.567049
12-04-2023 12:13,13.020373,77.567049
12-04-2023 12:13,13.020373,77.567049
12-04-2023 12:13,13.020373,77.567049
12-04-2023 12:13,13.020373,77.567049
12-04-2023 12:13,13.02038,77.566969
12-04-2023 12:13,13.02038,77.566969
12-04-2023 12:13,13.02038,77.566969
12-04-2023 12:13,13.02038,77.566969
12-04-2023 12:13,13.02038,77.566969
12-04-2023 12:13,13.02038,77.566969
12-04-2023 12:13,13.020371,77.566902
12-04-2023 12:13,13.020371,77.566902
12-04-2023 12:13,13.020371,77.566902
12-04-2023 12:13,13.020371,77.566902
12-04-2023 12:13,13.020371,77.566902
12-04-2023 12:13,13.020371,77.566902
12-04-2023 12:13,13.020363,77.566848
12-04-2023 12:13,13.020363,77.566848
12-04-2023 12:13,13.020363,77.566848
12-04-2023 12:13,13.020363,77.566848
12-04-2023 12:13,13.020363,77.566848
12-04-2023 12:13,13.020363,77.566848
12-04-2023 12:13,13.020362,77.566784
12-04-2023 12:13,13.020362,77.566784
12-04-2023 12:13,13.020362,77.566784
12-04-2023 12:13,13.020362,77.566784
12-04-2023 12:13,13.020362,77.566784
12-04-2023 12:13,13.020362,77.566784
12-04-2023 12:13,13.020369,77.566749
12-04-2023 12:13,13.020369,77.566749
12-04-2023 12:13,13.020369,77.566749
12-04-2023 12:13,13.020369,77.566749
12-04-2023 12:13,13.020369,77.566749
12-04-2023 12:13,13.020369,77.566749
12-04-2023 12:13,13.020362,77.56671
12-04-2023 12:13,13.020362,77.56671
12-04-2023 12:13,13.020362,77.56671
12-04-2023 12:13,13.020362,77.56671
12-04-2023 12:13,13.020362,77.56671
12-04-2023 12:13,13.020362,77.56671
12-04-2023 12:13,13.020362,77.566675
12-04-2023 12:13,13.020362,77.566675
12-04-2023 12:13,13.020362,77.566675
12-04-2023 12:13,13.020362,77.566675
12-04-2023 12:13,13.020362,77.566675
12-04-2023 12:13,13.020362,77.566675
12-04-2023 12:13,13.020362,77.566675
12-04-2023 12:13,13.020367,77.566672
12-04-2023 12:13,13.020367,77.566672
12-04-2023 12:13,13.020367,77.566672
12-04-2023 12:13,13.020367,77.566672
12-04-2023 12:13,13.020367,77.566672
12-04-2023 12:13,13.020367,77.566672
12-04-2023 12:13,13.02037,77.566661
12-04-2023 12:13,13.02037,77.566661
12-04-2023 12:13,13.02037,77.566661
12-04-2023 12:13,13.02037,77.566661
12-04-2023 12:13,13.02037,77.566661
12-04-2023 12:13,13.020369,77.566665
12-04-2023 12:13,13.020369,77.566665
12-04-2023 12:13,13.020369,77.566665
12-04-2023 12:13,13.020369,77.566665
12-04-2023 12:13,13.020369,77.566665
12-04-2023 12:13,13.020369,77.566665
12-04-2023 12:13,13.020371,77.566666
12-04-2023 12:13,13.020371,77.566666
12-04-2023 12:13,13.020371,77.566666
12-04-2023 12:13,13.020371,77.566666
12-04-2023 12:13,13.020371,77.566666
12-04-2023 12:13,13.020371,77.566666
12-04-2023 12:13,13.020372,77.566652
12-04-2023 12:13,13.020372,77.566652
12-04-2023 12:13,13.020372,77.566652
12-04-2023 12:13,13.020372,77.566652
12-04-2023 12:13,13.020372,77.566652
12-04-2023 12:13,13.020372,77.566652
12-04-2023 12:13,13.020382,77.566626
12-04-2023 12:13,13.020382,77.566626
12-04-2023 12:13,13.020382,77.566626
12-04-2023 12:13,13.020382,77.566626
12-04-2023 12:13,13.020382,77.566626
12-04-2023 12:13,13.020382,77.566626
12-04-2023 12:13,13.020401,77.566604
12-04-2023 12:13,13.020401,77.566604
12-04-2023 12:13,13.020401,77.566604
12-04-2023 12:13,13.020401,77.566604
12-04-2023 12:13,13.020401,77.566604
12-04-2023 12:13,13.020401,77.566604
12-04-2023 12:13,13.020401,77.566604
12-04-2023 12:13,13.02044,77.566589
12-04-2023 12:13,13.02044,77.566589
12-04-2023 12:13,13.02044,77.566589
12-04-2023 12:13,13.02044,77.566589
12-04-2023 12:13,13.02044,77.566589
12-04-2023 12:13,13.020485,77.566574
12-04-2023 12:13,13.020485,77.566574
12-04-2023 12:13,13.020485,77.566574
12-04-2023 12:13,13.020485,77.566574
12-04-2023 12:13,13.020485,77.566574
12-04-2023 12:13,13.020485,77.566574
12-04-2023 12:13,13.02052,77.566573
12-04-2023 12:13,13.02052,77.566573
12-04-2023 12:13,13.02052,77.566573
12-04-2023 12:13,13.02052,77.566573
12-04-2023 12:13,13.02052,77.566573
12-04-2023 12:13,13.02052,77.566573
12-04-2023 12:13,13.020546,77.566567
12-04-2023 12:13,13.020546,77.566567
12-04-2023 12:13,13.020546,77.566567
12-04-2023 12:13,13.020546,77.566567
12-04-2023 12:13,13.020546,77.566567
12-04-2023 12:13,13.020546,77.566567
12-04-2023 12:13,13.020546,77.566567
12-04-2023 12:13,13.020567,77.566562
12-04-2023 12:13,13.020567,77.566562
12-04-2023 12:13,13.020567,77.566562
12-04-2023 12:13,13.020567,77.566562
12-04-2023 12:13,13.020567,77.566562
12-04-2023 12:13,13.020567,77.566562
12-04-2023 12:13,13.020593,77.566559
12-04-2023 12:13,13.020593,77.566559
12-04-2023 12:13,13.020593,77.566559
12-04-2023 12:13,13.020593,77.566559
12-04-2023 12:13,13.020593,77.566559
12-04-2023 12:13,13.020593,77.566559
12-04-2023 12:13,13.020623,77.56656
12-04-2023 12:13,13.020623,77.56656
12-04-2023 12:13,13.020623,77.56656
12-04-2023 12:13,13.020623,77.56656
12-04-2023 12:13,13.020623,77.56656
12-04-2023 12:13,13.020623,77.56656
12-04-2023 12:13,13.020662,77.566566
12-04-2023 12:13,13.020662,77.566566
12-04-2023 12:13,13.020662,77.566566
12-04-2023 12:13,13.020662,77.566566
12-04-2023 12:13,13.020662,77.566566
12-04-2023 12:13,13.020662,77.566566
12-04-2023 12:13,13.020711,77.566575
12-04-2023 12:13,13.020711,77.566575
12-04-2023 12:13,13.020711,77.566575
12-04-2023 12:14,13.020711,77.566575
12-04-2023 12:14,13.020711,77.566575
12-04-2023 12:14,13.020711,77.566575
12-04-2023 12:14,13.020773,77.566586
12-04-2023 12:14,13.020773,77.566586
12-04-2023 12:14,13.020773,77.566586
12-04-2023 12:14,13.020773,77.566586
12-04-2023 12:14,13.020773,77.566586
12-04-2023 12:14,13.020773,77.566586
12-04-2023 12:14,13.020837,77.566583
12-04-2023 12:14,13.020837,77.566583
12-04-2023 12:14,13.020837,77.566583
12-04-2023 12:14,13.020837,77.566583
12-04-2023 12:14,13.020837,77.566583
12-04-2023 12:14,13.020837,77.566583
12-04-2023 12:14,13.020837,77.566583
12-04-2023 12:14,13.020837,77.566583
12-04-2023 12:14,13.02091,77.566582
12-04-2023 12:14,13.02091,77.566582
12-04-2023 12:14,13.02091,77.566582
12-04-2023 12:14,13.02091,77.566582
12-04-2023 12:14,13.02091,77.566582
12-04-2023 12:14,13.02091,77.566582
12-04-2023 12:14,13.02098,77.566584
12-04-2023 12:14,13.02098,77.566584
12-04-2023 12:14,13.02098,77.566584
12-04-2023 12:14,13.02098,77.566584
12-04-2023 12:14,13.02098,77.566584
12-04-2023 12:14,13.02098,77.566584
12-04-2023 12:14,13.021061,77.566596
12-04-2023 12:14,13.021061,77.566596
12-04-2023 12:14,13.021061,77.566596
12-04-2023 12:14,13.021061,77.566596
12-04-2023 12:14,13.021061,77.566596
12-04-2023 12:14,13.021061,77.566596
12-04-2023 12:14,13.021137,77.566607
12-04-2023 12:14,13.021137,77.566607
12-04-2023 12:14,13.021137,77.566607
12-04-2023 12:14,13.021137,77.566607
12-04-2023 12:14,13.021137,77.566607
12-04-2023 12:14,13.021137,77.566607
12-04-2023 12:14,13.021218,77.566582
12-04-2023 12:14,13.021218,77.566582
12-04-2023 12:14,13.021218,77.566582
12-04-2023 12:14,13.021218,77.566582
12-04-2023 12:14,13.021218,77.566582
12-04-2023 12:14,13.021218,77.566582
12-04-2023 12:14,13.021289,77.566582
12-04-2023 12:14,13.021289,77.566582
12-04-2023 12:14,13.021289,77.566582
12-04-2023 12:14,13.021289,77.566582
12-04-2023 12:14,13.021289,77.566582
12-04-2023 12:14,13.021289,77.566582
12-04-2023 12:14,13.021365,77.566578
12-04-2023 12:14,13.021365,77.566578
12-04-2023 12:14,13.021365,77.566578
12-04-2023 12:14,13.021365,77.566578
12-04-2023 12:14,13.021365,77.566578
12-04-2023 12:14,13.021365,77.566578
12-04-2023 12:14,13.021444,77.566592
12-04-2023 12:14,13.021444,77.566592
12-04-2023 12:14,13.021444,77.566592
12-04-2023 12:14,13.021444,77.566592
12-04-2023 12:14,13.021444,77.566592
12-04-2023 12:14,13.021444,77.566592
12-04-2023 12:14,13.021515,77.566652
12-04-2023 12:14,13.021515,77.566652
12-04-2023 12:14,13.021515,77.566652
12-04-2023 12:14,13.021515,77.566652
12-04-2023 12:14,13.021515,77.566652
12-04-2023 12:14,13.021515,77.566652
12-04-2023 12:14,13.021588,77.566672
12-04-2023 12:14,13.021588,77.566672
12-04-2023 12:14,13.021588,77.566672
12-04-2023 12:14,13.021588,77.566672
12-04-2023 12:14,13.021588,77.566672
12-04-2023 12:14,13.021588,77.566672
12-04-2023 12:14,13.021653,77.56665
12-04-2023 12:14,13.021653,77.56665
12-04-2023 12:14,13.021653,77.56665
12-04-2023 12:14,13.021653,77.56665
12-04-2023 12:14,13.021653,77.56665
12-04-2023 12:14,13.021653,77.56665
12-04-2023 12:14,13.021733,77.566664
12-04-2023 12:14,13.021733,77.566664
12-04-2023 12:14,13.021733,77.566664
12-04-2023 12:14,13.021733,77.566664
12-04-2023 12:14,13.021733,77.566664
12-04-2023 12:14,13.021733,77.566664
12-04-2023 12:14,13.021805,77.566669
12-04-2023 12:14,13.021805,77.566669
12-04-2023 12:14,13.021805,77.566669
12-04-2023 12:14,13.021805,77.566669
12-04-2023 12:14,13.021805,77.566669
12-04-2023 12:14,13.021805,77.566669
12-04-2023 12:14,13.021882,77.566679
12-04-2023 12:14,13.021882,77.566679
12-04-2023 12:14,13.021882,77.566679
12-04-2023 12:14,13.021882,77.566679
12-04-2023 12:14,13.021882,77.566679
12-04-2023 12:14,13.021882,77.566679
12-04-2023 12:14,13.021965,77.566691
12-04-2023 12:14,13.021965,77.566691
12-04-2023 12:14,13.021965,77.566691
12-04-2023 12:14,13.021965,77.566691
12-04-2023 12:14,13.021965,77.566691
12-04-2023 12:14,13.021965,77.566691
12-04-2023 12:14,13.022035,77.56672
12-04-2023 12:14,13.022035,77.56672
12-04-2023 12:14,13.022035,77.56672
12-04-2023 12:14,13.022035,77.56672
12-04-2023 12:14,13.022035,77.56672
12-04-2023 12:14,13.022035,77.56672
12-04-2023 12:14,13.02211,77.566722
12-04-2023 12:14,13.02211,77.566722
12-04-2023 12:14,13.02211,77.566722
12-04-2023 12:14,13.02211,77.566722
12-04-2023 12:14,13.02211,77.566722
12-04-2023 12:14,13.02211,77.566722
12-04-2023 12:14,13.022188,77.566727
12-04-2023 12:14,13.022188,77.566727
12-04-2023 12:14,13.022188,77.566727
12-04-2023 12:14,13.022188,77.566727
12-04-2023 12:14,13.022188,77.566727
12-04-2023 12:14,13.022188,77.566727
12-04-2023 12:14,13.022188,77.566727
12-04-2023 12:14,13.022263,77.566724
12-04-2023 12:14,13.022263,77.566724
12-04-2023 12:14,13.022263,77.566724
12-04-2023 12:14,13.022263,77.566724
12-04-2023 12:14,13.022263,77.566724
12-04-2023 12:14,13.022263,77.566724
12-04-2023 12:14,13.022263,77.566724
12-04-2023 12:14,13.022263,77.566724
12-04-2023 12:14,13.022326,77.566714
12-04-2023 12:14,13.022326,77.566714
12-04-2023 12:14,13.022326,77.566714
12-04-2023 12:14,13.022326,77.566714
12-04-2023 12:14,13.022326,77.566714
12-04-2023 12:14,13.022326,77.566714
12-04-2023 12:14,13.022407,77.566711
12-04-2023 12:14,13.022407,77.566711
12-04-2023 12:14,13.022407,77.566711
12-04-2023 12:14,13.022407,77.566711
12-04-2023 12:14,13.022407,77.566711
12-04-2023 12:14,13.022407,77.566711
12-04-2023 12:14,13.022502,77.566723
12-04-2023 12:14,13.022502,77.566723
12-04-2023 12:14,13.022502,77.566723
12-04-2023 12:14,13.022502,77.566723
12-04-2023 12:14,13.022502,77.566723
12-04-2023 12:14,13.022502,77.566723
12-04-2023 12:14,13.022592,77.566723
12-04-2023 12:14,13.022592,77.566723
12-04-2023 12:14,13.022592,77.566723
12-04-2023 12:14,13.022592,77.566723
12-04-2023 12:14,13.022592,77.566723
12-04-2023 12:14,13.022592,77.566723
12-04-2023 12:14,13.022592,77.566723
12-04-2023 12:14,13.022679,77.566727
12-04-2023 12:14,13.022679,77.566727
12-04-2023 12:14,13.022679,77.566727
12-04-2023 12:14,13.022679,77.566727
12-04-2023 12:14,13.022679,77.566727
12-04-2023 12:14,13.022679,77.566727
12-04-2023 12:14,13.022771,77.566727
12-04-2023 12:14,13.022771,77.566727
12-04-2023 12:14,13.022771,77.566727
12-04-2023 12:14,13.022771,77.566727
12-04-2023 12:14,13.022771,77.566727
12-04-2023 12:14,13.022771,77.566727
12-04-2023 12:14,13.022837,77.566723
12-04-2023 12:14,13.022837,77.566723
12-04-2023 12:14,13.022837,77.566723
12-04-2023 12:14,13.022837,77.566723
12-04-2023 12:14,13.022837,77.566723
12-04-2023 12:14,13.022837,77.566723
12-04-2023 12:14,13.022837,77.566723
12-04-2023 12:14,13.022911,77.566726
12-04-2023 12:14,13.022911,77.566726
12-04-2023 12:14,13.022911,77.566726
12-04-2023 12:14,13.022911,77.566726
12-04-2023 12:14,13.022911,77.566726
12-04-2023 12:14,13.022911,77.566726
12-04-2023 12:14,13.022989,77.566733
12-04-2023 12:14,13.022989,77.566733
12-04-2023 12:14,13.022989,77.566733
12-04-2023 12:14,13.022989,77.566733
12-04-2023 12:14,13.022989,77.566733
12-04-2023 12:14,13.023064,77.56673
12-04-2023 12:14,13.023064,77.56673
12-04-2023 12:14,13.023064,77.56673
12-04-2023 12:14,13.023064,77.56673
12-04-2023 12:14,13.023064,77.56673
12-04-2023 12:14,13.023064,77.56673
12-04-2023 12:14,13.023124,77.566723
12-04-2023 12:14,13.023124,77.566723
12-04-2023 12:14,13.023124,77.566723
12-04-2023 12:14,13.023124,77.566723
12-04-2023 12:14,13.023124,77.566723
12-04-2023 12:14,13.023124,77.566723
12-04-2023 12:14,13.023186,77.566733
12-04-2023 12:14,13.023186,77.566733
12-04-2023 12:14,13.023186,77.566733
12-04-2023 12:14,13.023186,77.566733
12-04-2023 12:14,13.023186,77.566733
12-04-2023 12:14,13.023186,77.566733
12-04-2023 12:14,13.023243,77.566752
12-04-2023 12:14,13.023243,77.566752
12-04-2023 12:14,13.023243,77.566752
12-04-2023 12:14,13.023243,77.566752
12-04-2023 12:14,13.023243,77.566752
12-04-2023 12:14,13.023243,77.566752
12-04-2023 12:14,13.023303,77.566764
12-04-2023 12:14,13.023303,77.566764
12-04-2023 12:14,13.023303,77.566764
12-04-2023 12:14,13.023303,77.566764
12-04-2023 12:14,13.023303,77.566764
12-04-2023 12:14,13.023303,77.566764
12-04-2023 12:14,13.023348,77.566758
12-04-2023 12:14,13.023348,77.566758
12-04-2023 12:14,13.023348,77.566758
12-04-2023 12:14,13.023348,77.566758
12-04-2023 12:14,13.023348,77.566758
12-04-2023 12:14,13.023348,77.566758
12-04-2023 12:14,13.0234,77.566762
12-04-2023 12:14,13.0234,77.566762
12-04-2023 12:14,13.0234,77.566762
12-04-2023 12:14,13.0234,77.566762
12-04-2023 12:14,13.0234,77.566762
12-04-2023 12:14,13.0234,77.566762
12-04-2023 12:14,13.023474,77.566757
12-04-2023 12:14,13.023474,77.566757
12-04-2023 12:14,13.023474,77.566757
12-04-2023 12:14,13.023474,77.566757
12-04-2023 12:14,13.023474,77.566757
12-04-2023 12:14,13.023474,77.566757
12-04-2023 12:14,13.023474,77.566757
12-04-2023 12:14,13.023544,77.566767
12-04-2023 12:14,13.023544,77.566767
12-04-2023 12:14,13.023544,77.566767
12-04-2023 12:14,13.023544,77.566767
12-04-2023 12:14,13.023544,77.566767
12-04-2023 12:14,13.023544,77.566767
12-04-2023 12:14,13.0236,77.566767
12-04-2023 12:14,13.0236,77.566767
12-04-2023 12:14,13.0236,77.566767
12-04-2023 12:14,13.0236,77.566767
12-04-2023 12:14,13.0236,77.566767
12-04-2023 12:14,13.0236,77.566767
12-04-2023 12:14,13.0236,77.566767
12-04-2023 12:14,13.023645,77.566748
12-04-2023 12:14,13.023645,77.566748
12-04-2023 12:14,13.023645,77.566748
12-04-2023 12:14,13.023645,77.566748
12-04-2023 12:14,13.023645,77.566748
12-04-2023 12:14,13.02372,77.566751
12-04-2023 12:14,13.02372,77.566751
12-04-2023 12:14,13.02372,77.566751
12-04-2023 12:14,13.02372,77.566751
12-04-2023 12:14,13.02372,77.566751
12-04-2023 12:14,13.02372,77.566751
12-04-2023 12:14,13.02372,77.566751
12-04-2023 12:14,13.02377,77.566746
12-04-2023 12:14,13.02377,77.566746
12-04-2023 12:14,13.02377,77.566746
12-04-2023 12:14,13.02377,77.566746
12-04-2023 12:14,13.02377,77.566746
12-04-2023 12:14,13.023846,77.566753
12-04-2023 12:14,13.023846,77.566753
12-04-2023 12:14,13.023846,77.566753
12-04-2023 12:14,13.023846,77.566753
12-04-2023 12:14,13.023846,77.566753
12-04-2023 12:14,13.023846,77.566753
12-04-2023 12:14,13.023894,77.566758
12-04-2023 12:14,13.023894,77.566758
12-04-2023 12:14,13.023894,77.566758
12-04-2023 12:14,13.023894,77.566758
12-04-2023 12:14,13.023894,77.566758
12-04-2023 12:14,13.023894,77.566758
12-04-2023 12:14,13.023937,77.566746
12-04-2023 12:14,13.023937,77.566746
12-04-2023 12:14,13.023937,77.566746
12-04-2023 12:14,13.023937,77.566746
12-04-2023 12:14,13.023937,77.566746
12-04-2023 12:14,13.023937,77.566746
12-04-2023 12:14,13.023964,77.56674
12-04-2023 12:14,13.023964,77.56674
12-04-2023 12:14,13.023964,77.56674
12-04-2023 12:14,13.023964,77.56674
12-04-2023 12:14,13.023964,77.56674
12-04-2023 12:14,13.023964,77.56674
12-04-2023 12:14,13.023984,77.566746
12-04-2023 12:14,13.023984,77.566746
12-04-2023 12:14,13.023984,77.566746
12-04-2023 12:14,13.023984,77.566746
12-04-2023 12:14,13.023984,77.566746
12-04-2023 12:14,13.023984,77.566746
12-04-2023 12:14,13.024005,77.566753
12-04-2023 12:14,13.024005,77.566753
12-04-2023 12:14,13.024005,77.566753
12-04-2023 12:14,13.024005,77.566753
12-04-2023 12:14,13.024005,77.566753
12-04-2023 12:14,13.024005,77.566753
12-04-2023 12:14,13.024036,77.566762
12-04-2023 12:14,13.024036,77.566762
12-04-2023 12:14,13.024036,77.566762
12-04-2023 12:14,13.024036,77.566762
12-04-2023 12:14,13.024036,77.566762
12-04-2023 12:14,13.024036,77.566762
12-04-2023 12:14,13.024036,77.566762
12-04-2023 12:14,13.024072,77.566766
12-04-2023 12:14,13.024072,77.566766
12-04-2023 12:14,13.024072,77.566766
12-04-2023 12:14,13.024072,77.566766
12-04-2023 12:14,13.024072,77.566766
12-04-2023 12:14,13.024072,77.566766
12-04-2023 12:14,13.024114,77.566774
12-04-2023 12:14,13.024114,77.566774
12-04-2023 12:14,13.024114,77.566774
12-04-2023 12:14,13.024114,77.566774
12-04-2023 12:14,13.024114,77.566774
12-04-2023 12:14,13.024114,77.566774
12-04-2023 12:14,13.024157,77.566786
12-04-2023 12:14,13.024157,77.566786
12-04-2023 12:14,13.024157,77.566786
12-04-2023 12:14,13.024157,77.566786
12-04-2023 12:14,13.024157,77.566786
12-04-2023 12:14,13.024157,77.566786
12-04-2023 12:14,13.024203,77.566792
12-04-2023 12:14,13.024203,77.566792
12-04-2023 12:14,13.024203,77.566792
12-04-2023 12:14,13.024203,77.566792
12-04-2023 12:14,13.024203,77.566792
12-04-2023 12:14,13.024203,77.566792
12-04-2023 12:14,13.024267,77.566802
12-04-2023 12:14,13.024267,77.566802
12-04-2023 12:14,13.024267,77.566802
12-04-2023 12:14,13.024267,77.566802
12-04-2023 12:14,13.024267,77.566802
12-04-2023 12:14,13.024267,77.566802
12-04-2023 12:14,13.024267,77.566802
12-04-2023 12:14,13.024317,77.566845
12-04-2023 12:14,13.024317,77.566845
12-04-2023 12:14,13.024317,77.566845
12-04-2023 12:14,13.024317,77.566845
12-04-2023 12:14,13.024317,77.566845
12-04-2023 12:14,13.024317,77.566845
12-04-2023 12:14,13.024365,77.566895
12-04-2023 12:14,13.024365,77.566895
12-04-2023 12:14,13.024365,77.566895
12-04-2023 12:14,13.024365,77.566895
12-04-2023 12:14,13.024365,77.566895
12-04-2023 12:14,13.024365,77.566895
12-04-2023 12:14,13.024404,77.566942
12-04-2023 12:14,13.024404,77.566942
12-04-2023 12:14,13.024404,77.566942
12-04-2023 12:14,13.024404,77.566942
12-04-2023 12:14,13.024404,77.566942
12-04-2023 12:14,13.024404,77.566942
12-04-2023 12:14,13.024404,77.566942
12-04-2023 12:14,13.024431,77.567003
12-04-2023 12:14,13.024431,77.567003
12-04-2023 12:14,13.024431,77.567003
12-04-2023 12:14,13.024431,77.567003
12-04-2023 12:14,13.024431,77.567003
12-04-2023 12:14,13.024431,77.567003
12-04-2023 12:14,13.024464,77.567059
12-04-2023 12:14,13.024464,77.567059
12-04-2023 12:15,13.024464,77.567059
12-04-2023 12:15,13.024464,77.567059
12-04-2023 12:15,13.024464,77.567059
12-04-2023 12:15,13.024502,77.567118
12-04-2023 12:15,13.024502,77.567118
12-04-2023 12:15,13.024502,77.567118
12-04-2023 12:15,13.024502,77.567118
12-04-2023 12:15,13.024502,77.567118
12-04-2023 12:15,13.024502,77.567118
12-04-2023 12:15,13.024502,77.567118
12-04-2023 12:15,13.024505,77.567122
12-04-2023 12:15,13.024505,77.567122
12-04-2023 12:15,13.024505,77.567122
12-04-2023 12:15,13.024505,77.567122
12-04-2023 12:15,13.024505,77.567122
12-04-2023 12:15,13.024505,77.567122
12-04-2023 12:15,13.024519,77.567148
12-04-2023 12:15,13.024519,77.567148
12-04-2023 12:15,13.024519,77.567148
12-04-2023 12:15,13.024519,77.567148
12-04-2023 12:15,13.024519,77.567148
12-04-2023 12:15,13.024519,77.567148
12-04-2023 12:15,13.024529,77.567166
12-04-2023 12:15,13.024529,77.567166
12-04-2023 12:15,13.024529,77.567166
12-04-2023 12:15,13.024529,77.567166
12-04-2023 12:15,13.024529,77.567166
12-04-2023 12:15,13.024529,77.567166
12-04-2023 12:15,13.024529,77.567166
12-04-2023 12:15,13.024544,77.567198
12-04-2023 12:15,13.024544,77.567198
12-04-2023 12:15,13.024544,77.567198
12-04-2023 12:15,13.024544,77.567198
12-04-2023 12:15,13.024544,77.567198
12-04-2023 12:15,13.024548,77.56722
12-04-2023 12:15,13.024548,77.56722
12-04-2023 12:15,13.024548,77.56722
12-04-2023 12:15,13.024548,77.56722
12-04-2023 12:15,13.024548,77.56722
12-04-2023 12:15,13.024548,77.56722
12-04-2023 12:15,13.024548,77.56722
12-04-2023 12:15,13.02457,77.567265
12-04-2023 12:15,13.02457,77.567265
12-04-2023 12:15,13.02457,77.567265
12-04-2023 12:15,13.02457,77.567265
12-04-2023 12:15,13.02457,77.567265
12-04-2023 12:15,13.02457,77.567265
12-04-2023 12:15,13.02459,77.567317
12-04-2023 12:15,13.02459,77.567317
12-04-2023 12:15,13.02459,77.567317
12-04-2023 12:15,13.02459,77.567317
12-04-2023 12:15,13.02459,77.567317
12-04-2023 12:15,13.02459,77.567317
12-04-2023 12:15,13.024615,77.567385
12-04-2023 12:15,13.024615,77.567385
12-04-2023 12:15,13.024615,77.567385
12-04-2023 12:15,13.024615,77.567385
12-04-2023 12:15,13.024615,77.567385
12-04-2023 12:15,13.024615,77.567385
12-04-2023 12:15,13.024648,77.567457
12-04-2023 12:15,13.024648,77.567457
12-04-2023 12:15,13.024648,77.567457
12-04-2023 12:15,13.024648,77.567457
12-04-2023 12:15,13.024648,77.567457
12-04-2023 12:15,13.024648,77.567457
12-04-2023 12:15,13.024678,77.567522
12-04-2023 12:15,13.024678,77.567522
12-04-2023 12:15,13.024678,77.567522
12-04-2023 12:15,13.024678,77.567522
12-04-2023 12:15,13.024678,77.567522
12-04-2023 12:15,13.02471,77.567582
12-04-2023 12:15,13.02471,77.567582
12-04-2023 12:15,13.02471,77.567582
12-04-2023 12:15,13.02471,77.567582
12-04-2023 12:15,13.02471,77.567582
12-04-2023 12:15,13.02471,77.567582
12-04-2023 12:15,13.024734,77.567667
12-04-2023 12:15,13.024734,77.567667
12-04-2023 12:15,13.024734,77.567667
12-04-2023 12:15,13.024734,77.567667
12-04-2023 12:15,13.024734,77.567667
12-04-2023 12:15,13.024734,77.567667
12-04-2023 12:15,13.024764,77.567717
12-04-2023 12:15,13.024764,77.567717
12-04-2023 12:15,13.024764,77.567717
12-04-2023 12:15,13.024764,77.567717
12-04-2023 12:15,13.024764,77.567717
12-04-2023 12:15,13.024764,77.567717
12-04-2023 12:15,13.024784,77.567793
12-04-2023 12:15,13.024784,77.567793
12-04-2023 12:15,13.024784,77.567793
12-04-2023 12:15,13.024784,77.567793
12-04-2023 12:15,13.024784,77.567793
12-04-2023 12:15,13.024784,77.567793
12-04-2023 12:15,13.024804,77.567862
12-04-2023 12:15,13.024804,77.567862
12-04-2023 12:15,13.024804,77.567862
12-04-2023 12:15,13.024804,77.567862
12-04-2023 12:15,13.024804,77.567862
12-04-2023 12:15,13.024804,77.567862
12-04-2023 12:15,13.024823,77.567936
12-04-2023 12:15,13.024823,77.567936
12-04-2023 12:15,13.024823,77.567936
12-04-2023 12:15,13.024823,77.567936
12-04-2023 12:15,13.024823,77.567936
12-04-2023 12:15,13.024823,77.567936
12-04-2023 12:15,13.024835,77.568011
12-04-2023 12:15,13.024835,77.568011
12-04-2023 12:15,13.024835,77.568011
12-04-2023 12:15,13.024835,77.568011
12-04-2023 12:15,13.024835,77.568011
12-04-2023 12:15,13.024835,77.568011
12-04-2023 12:15,13.024848,77.568067
12-04-2023 12:15,13.024848,77.568067
12-04-2023 12:15,13.024848,77.568067
12-04-2023 12:15,13.024848,77.568067
12-04-2023 12:15,13.024848,77.568067
12-04-2023 12:15,13.024848,77.568067
12-04-2023 12:15,13.024864,77.568106
12-04-2023 12:15,13.024864,77.568106
12-04-2023 12:15,13.024864,77.568106
12-04-2023 12:15,13.024864,77.568106
12-04-2023 12:15,13.024864,77.568106
12-04-2023 12:15,13.024864,77.568106
12-04-2023 12:15,13.024878,77.568118
12-04-2023 12:15,13.024878,77.568118
12-04-2023 12:15,13.024878,77.568118
12-04-2023 12:15,13.024878,77.568118
12-04-2023 12:15,13.024878,77.568118
12-04-2023 12:15,13.024878,77.568118
12-04-2023 12:15,13.024888,77.568137
12-04-2023 12:15,13.024888,77.568137
12-04-2023 12:15,13.024888,77.568137
12-04-2023 12:15,13.024888,77.568137
12-04-2023 12:15,13.024888,77.568137
12-04-2023 12:15,13.024888,77.568137
12-04-2023 12:15,13.0249,77.568158
12-04-2023 12:15,13.0249,77.568158
12-04-2023 12:15,13.0249,77.568158
12-04-2023 12:15,13.0249,77.568158
12-04-2023 12:15,13.0249,77.568158
12-04-2023 12:15,13.0249,77.568158
12-04-2023 12:15,13.0249,77.568158
12-04-2023 12:15,13.024912,77.568201
12-04-2023 12:15,13.024912,77.568201
12-04-2023 12:15,13.024912,77.568201
12-04-2023 12:15,13.024912,77.568201
12-04-2023 12:15,13.024912,77.568201
12-04-2023 12:15,13.02493,77.568242
12-04-2023 12:15,13.02493,77.568242
12-04-2023 12:15,13.02493,77.568242
12-04-2023 12:15,13.02493,77.568242
12-04-2023 12:15,13.02493,77.568242
12-04-2023 12:15,13.02493,77.568242
12-04-2023 12:15,13.024959,77.568315
12-04-2023 12:15,13.024959,77.568315
12-04-2023 12:15,13.024959,77.568315
12-04-2023 12:15,13.024959,77.568315
12-04-2023 12:15,13.024959,77.568315
12-04-2023 12:15,13.024959,77.568315
12-04-2023 12:15,13.024977,77.568345
12-04-2023 12:15,13.024977,77.568345
12-04-2023 12:15,13.024977,77.568345
12-04-2023 12:15,13.024977,77.568345
12-04-2023 12:15,13.024977,77.568345
12-04-2023 12:15,13.024977,77.568345
12-04-2023 12:15,13.025011,77.568389
12-04-2023 12:15,13.025011,77.568389
12-04-2023 12:15,13.025011,77.568389
12-04-2023 12:15,13.025011,77.568389
12-04-2023 12:15,13.025011,77.568389
12-04-2023 12:15,13.025011,77.568389
12-04-2023 12:15,13.02504,77.568467
12-04-2023 12:15,13.02504,77.568467
12-04-2023 12:15,13.02504,77.568467
12-04-2023 12:15,13.02504,77.568467
12-04-2023 12:15,13.02504,77.568467
12-04-2023 12:15,13.02504,77.568467
12-04-2023 12:15,13.025076,77.568522
12-04-2023 12:15,13.025076,77.568522
12-04-2023 12:15,13.025076,77.568522
12-04-2023 12:15,13.025076,77.568522
12-04-2023 12:15,13.025076,77.568522
12-04-2023 12:15,13.025076,77.568522
12-04-2023 12:15,13.025108,77.568565
12-04-2023 12:15,13.025108,77.568565
12-04-2023 12:15,13.025108,77.568565
12-04-2023 12:15,13.025108,77.568565
12-04-2023 12:15,13.025108,77.568565
12-04-2023 12:15,13.025108,77.568565
12-04-2023 12:15,13.025141,77.568623
12-04-2023 12:15,13.025141,77.568623
12-04-2023 12:15,13.025141,77.568623
12-04-2023 12:15,13.025141,77.568623
12-04-2023 12:15,13.025141,77.568623
12-04-2023 12:15,13.025141,77.568623
12-04-2023 12:15,13.025141,77.568623
12-04-2023 12:15,13.025172,77.568688
12-04-2023 12:15,13.025172,77.568688
12-04-2023 12:15,13.025172,77.568688
12-04-2023 12:15,13.025172,77.568688
12-04-2023 12:15,13.025172,77.568688
12-04-2023 12:15,13.025172,77.568688
12-04-2023 12:15,13.025192,77.568734
12-04-2023 12:15,13.025192,77.568734
12-04-2023 12:15,13.025192,77.568734
12-04-2023 12:15,13.025192,77.568734
12-04-2023 12:15,13.025192,77.568734
12-04-2023 12:15,13.025192,77.568734
12-04-2023 12:15,13.025237,77.568763
12-04-2023 12:15,13.025237,77.568763
12-04-2023 12:15,13.025237,77.568763
12-04-2023 12:15,13.025237,77.568763
12-04-2023 12:15,13.025237,77.568763
12-04-2023 12:15,13.025237,77.568763
12-04-2023 12:15,13.025237,77.568763
12-04-2023 12:15,13.025237,77.568763
12-04-2023 12:15,13.02529,77.568796
12-04-2023 12:15,13.02529,77.568796
12-04-2023 12:15,13.02529,77.568796
12-04-2023 12:15,13.02529,77.568796
12-04-2023 12:15,13.02529,77.568796
12-04-2023 12:15,13.02529,77.568796
12-04-2023 12:15,13.02529,77.568796
12-04-2023 12:15,13.02529,77.568796
12-04-2023 12:15,13.025341,77.568813
12-04-2023 12:15,13.025341,77.568813
12-04-2023 12:15,13.025341,77.568813
12-04-2023 12:15,13.025341,77.568813
12-04-2023 12:15,13.025341,77.568813
12-04-2023 12:15,13.025341,77.568813
12-04-2023 12:15,13.025341,77.568813
12-04-2023 12:15,13.025341,77.568813
12-04-2023 12:15,13.025404,77.568828
12-04-2023 12:15,13.025404,77.568828
12-04-2023 12:15,13.025404,77.568828
12-04-2023 12:15,13.025404,77.568828
12-04-2023 12:15,13.025404,77.568828
12-04-2023 12:15,13.025404,77.568828
12-04-2023 12:15,13.025452,77.56885
12-04-2023 12:15,13.025452,77.56885
12-04-2023 12:15,13.025452,77.56885
12-04-2023 12:15,13.025452,77.56885
12-04-2023 12:15,13.025452,77.56885
12-04-2023 12:15,13.025452,77.56885
12-04-2023 12:15,13.025452,77.56885
12-04-2023 12:15,13.025507,77.568871
12-04-2023 12:15,13.025507,77.568871
12-04-2023 12:15,13.025507,77.568871
12-04-2023 12:15,13.025507,77.568871
12-04-2023 12:15,13.025507,77.568871
12-04-2023 12:15,13.025507,77.568871
12-04-2023 12:15,13.025507,77.568871
12-04-2023 12:15,13.025507,77.568871
12-04-2023 12:15,13.025507,77.568871
12-04-2023 12:15,13.02556,77.568895
12-04-2023 12:15,13.02556,77.568895
12-04-2023 12:15,13.02556,77.568895
12-04-2023 12:15,13.02556,77.568895
12-04-2023 12:15,13.02556,77.568895
12-04-2023 12:15,13.02556,77.568895
12-04-2023 12:15,13.02556,77.568895
12-04-2023 12:15,13.02556,77.568895
12-04-2023 12:15,13.025616,77.568892
12-04-2023 12:15,13.025616,77.568892
12-04-2023 12:15,13.025616,77.568892
12-04-2023 12:15,13.025616,77.568892
12-04-2023 12:15,13.025616,77.568892
12-04-2023 12:15,13.025616,77.568892
12-04-2023 12:15,13.025687,77.568912
12-04-2023 12:15,13.025687,77.568912
12-04-2023 12:15,13.025687,77.568912
12-04-2023 12:15,13.025687,77.568912
12-04-2023 12:15,13.025687,77.568912
12-04-2023 12:15,13.025687,77.568912
12-04-2023 12:15,13.025687,77.568912
12-04-2023 12:15,13.025767,77.568917
12-04-2023 12:15,13.025767,77.568917
12-04-2023 12:15,13.025767,77.568917
12-04-2023 12:15,13.025767,77.568917
12-04-2023 12:15,13.025767,77.568917
12-04-2023 12:15,13.025767,77.568917
12-04-2023 12:15,13.025848,77.568947
12-04-2023 12:15,13.025848,77.568947
12-04-2023 12:15,13.025848,77.568947
12-04-2023 12:15,13.025848,77.568947
12-04-2023 12:15,13.025848,77.568947
12-04-2023 12:15,13.025848,77.568947
12-04-2023 12:15,13.025928,77.56897
12-04-2023 12:15,13.025928,77.56897
12-04-2023 12:15,13.025928,77.56897
12-04-2023 12:15,13.025928,77.56897
12-04-2023 12:15,13.025928,77.56897
12-04-2023 12:15,13.025928,77.56897
12-04-2023 12:15,13.025928,77.56897
12-04-2023 12:15,13.026001,77.568965
12-04-2023 12:15,13.026001,77.568965
12-04-2023 12:15,13.026001,77.568965
12-04-2023 12:15,13.026001,77.568965
12-04-2023 12:15,13.026001,77.568965
12-04-2023 12:15,13.026001,77.568965
12-04-2023 12:15,13.026094,77.568974
12-04-2023 12:15,13.026094,77.568974
12-04-2023 12:15,13.026094,77.568974
12-04-2023 12:15,13.026094,77.568974
12-04-2023 12:15,13.026094,77.568974
12-04-2023 12:15,13.026094,77.568974
12-04-2023 12:15,13.026094,77.568974
12-04-2023 12:15,13.026189,77.568995
12-04-2023 12:15,13.026189,77.568995
12-04-2023 12:15,13.026189,77.568995
12-04-2023 12:15,13.026189,77.568995
12-04-2023 12:15,13.026189,77.568995
12-04-2023 12:15,13.026189,77.568995
12-04-2023 12:15,13.02626,77.568982
12-04-2023 12:15,13.02626,77.568982
12-04-2023 12:15,13.02626,77.568982
12-04-2023 12:15,13.02626,77.568982
12-04-2023 12:15,13.02626,77.568982
12-04-2023 12:15,13.02626,77.568982
12-04-2023 12:15,13.026344,77.56898
12-04-2023 12:15,13.026344,77.56898
12-04-2023 12:15,13.026344,77.56898
12-04-2023 12:15,13.026344,77.56898
12-04-2023 12:15,13.026344,77.56898
12-04-2023 12:15,13.026344,77.56898
12-04-2023 12:15,13.026364,77.568994
12-04-2023 12:15,13.026364,77.568994
12-04-2023 12:15,13.026364,77.568994
12-04-2023 12:15,13.026364,77.568994
12-04-2023 12:15,13.026364,77.568994
12-04-2023 12:15,13.026364,77.568994
12-04-2023 12:15,13.026407,77.568997
12-04-2023 12:15,13.026407,77.568997
12-04-2023 12:15,13.026407,77.568997
12-04-2023 12:15,13.026407,77.568997
12-04-2023 12:15,13.026407,77.568997
12-04-2023 12:15,13.026407,77.568997
12-04-2023 12:15,13.026407,77.568997
12-04-2023 12:15,13.026418,77.569001
12-04-2023 12:15,13.026418,77.569001
12-04-2023 12:15,13.026418,77.569001
12-04-2023 12:15,13.026418,77.569001
12-04-2023 12:15,13.026418,77.569001
12-04-2023 12:15,13.026441,77.569009
12-04-2023 12:15,13.026441,77.569009
12-04-2023 12:15,13.026441,77.569009
12-04-2023 12:15,13.026441,77.569009
12-04-2023 12:15,13.026441,77.569009
12-04-2023 12:15,13.026441,77.569009
12-04-2023 12:15,13.026469,77.569013
12-04-2023 12:15,13.026469,77.569013
12-04-2023 12:15,13.026469,77.569013
12-04-2023 12:15,13.026469,77.569013
12-04-2023 12:15,13.026469,77.569013
12-04-2023 12:15,13.026469,77.569013
12-04-2023 12:15,13.026506,77.569013
12-04-2023 12:15,13.026506,77.569013
12-04-2023 12:15,13.026506,77.569013
12-04-2023 12:15,13.026506,77.569013
12-04-2023 12:15,13.026506,77.569013
12-04-2023 12:15,13.026506,77.569013
12-04-2023 12:15,13.026506,77.569013
12-04-2023 12:15,13.026555,77.56901
12-04-2023 12:15,13.026555,77.56901
12-04-2023 12:15,13.026555,77.56901
12-04-2023 12:15,13.026555,77.56901
12-04-2023 12:15,13.026555,77.56901
12-04-2023 12:15,13.026555,77.56901
12-04-2023 12:15,13.026604,77.569006
12-04-2023 12:15,13.026604,77.569006
12-04-2023 12:15,13.026604,77.569006
12-04-2023 12:15,13.026604,77.569006
12-04-2023 12:15,13.026604,77.569006
12-04-2023 12:15,13.026604,77.569006
12-04-2023 12:15,13.026649,77.56901
12-04-2023 12:15,13.026649,77.56901
12-04-2023 12:15,13.026649,77.56901
12-04-2023 12:16,13.026649,77.56901
12-04-2023 12:16,13.026649,77.56901
12-04-2023 12:16,13.026649,77.56901
12-04-2023 12:16,13.026685,77.569011
12-04-2023 12:16,13.026685,77.569011
12-04-2023 12:16,13.026685,77.569011
12-04-2023 12:16,13.026685,77.569011
12-04-2023 12:16,13.026685,77.569011
12-04-2023 12:16,13.026685,77.569011
12-04-2023 12:16,13.026715,77.569016
12-04-2023 12:16,13.026715,77.569016
12-04-2023 12:16,13.026715,77.569016
12-04-2023 12:16,13.026715,77.569016
12-04-2023 12:16,13.026715,77.569016
12-04-2023 12:16,13.026715,77.569016
12-04-2023 12:16,13.026742,77.569015
12-04-2023 12:16,13.026742,77.569015
12-04-2023 12:16,13.026742,77.569015
12-04-2023 12:16,13.026742,77.569015
12-04-2023 12:16,13.026742,77.569015
12-04-2023 12:16,13.026742,77.569015
12-04-2023 12:16,13.026742,77.569015
12-04-2023 12:16,13.026779,77.569012
12-04-2023 12:16,13.026779,77.569012
12-04-2023 12:16,13.026779,77.569012
12-04-2023 12:16,13.026779,77.569012
12-04-2023 12:16,13.026779,77.569012
12-04-2023 12:16,13.026779,77.569012
12-04-2023 12:16,13.026829,77.569011
12-04-2023 12:16,13.026829,77.569011
12-04-2023 12:16,13.026829,77.569011
12-04-2023 12:16,13.026829,77.569011
12-04-2023 12:16,13.026829,77.569011
12-04-2023 12:16,13.026829,77.569011
12-04-2023 12:16,13.026917,77.569011
12-04-2023 12:16,13.026917,77.569011
12-04-2023 12:16,13.026917,77.569011
12-04-2023 12:16,13.026917,77.569011
12-04-2023 12:16,13.026917,77.569011
12-04-2023 12:16,13.026917,77.569011
12-04-2023 12:16,13.026974,77.569039
12-04-2023 12:16,13.026974,77.569039
12-04-2023 12:16,13.026974,77.569039
12-04-2023 12:16,13.026974,77.569039
12-04-2023 12:16,13.026974,77.569039
12-04-2023 12:16,13.026974,77.569039
12-04-2023 12:16,13.027048,77.569023
12-04-2023 12:16,13.027048,77.569023
12-04-2023 12:16,13.027048,77.569023
12-04-2023 12:16,13.027048,77.569023
12-04-2023 12:16,13.027048,77.569023
12-04-2023 12:16,13.027048,77.569023
12-04-2023 12:16,13.027128,77.569018
12-04-2023 12:16,13.027128,77.569018
12-04-2023 12:16,13.027128,77.569018
12-04-2023 12:16,13.027128,77.569018
12-04-2023 12:16,13.027128,77.569018
12-04-2023 12:16,13.027128,77.569018
12-04-2023 12:16,13.027207,77.569002
12-04-2023 12:16,13.027207,77.569002
12-04-2023 12:16,13.027207,77.569002
12-04-2023 12:16,13.027207,77.569002
12-04-2023 12:16,13.027207,77.569002
12-04-2023 12:16,13.027207,77.569002
12-04-2023 12:16,13.027276,77.569003
12-04-2023 12:16,13.027276,77.569003
12-04-2023 12:16,13.027276,77.569003
12-04-2023 12:16,13.027276,77.569003
12-04-2023 12:16,13.027276,77.569003
12-04-2023 12:16,13.027276,77.569003
12-04-2023 12:16,13.027276,77.569003
12-04-2023 12:16,13.027345,77.569012
12-04-2023 12:16,13.027345,77.569012
12-04-2023 12:16,13.027345,77.569012
12-04-2023 12:16,13.027345,77.569012
12-04-2023 12:16,13.027345,77.569012
12-04-2023 12:16,13.027345,77.569012
12-04-2023 12:16,13.027421,77.568993
12-04-2023 12:16,13.027421,77.568993
12-04-2023 12:16,13.027421,77.568993
12-04-2023 12:16,13.027421,77.568993
12-04-2023 12:16,13.027421,77.568993
12-04-2023 12:16,13.027421,77.568993
12-04-2023 12:16,13.027472,77.568977
12-04-2023 12:16,13.027472,77.568977
12-04-2023 12:16,13.027472,77.568977
12-04-2023 12:16,13.027472,77.568977
12-04-2023 12:16,13.027472,77.568977
12-04-2023 12:16,13.027472,77.568977
12-04-2023 12:16,13.027535,77.568963
12-04-2023 12:16,13.027535,77.568963
12-04-2023 12:16,13.027535,77.568963
12-04-2023 12:16,13.027535,77.568963
12-04-2023 12:16,13.027535,77.568963
12-04-2023 12:16,13.027535,77.568963
12-04-2023 12:16,13.027598,77.568958
12-04-2023 12:16,13.027598,77.568958
12-04-2023 12:16,13.027598,77.568958
12-04-2023 12:16,13.027598,77.568958
12-04-2023 12:16,13.027598,77.568958
12-04-2023 12:16,13.027598,77.568958
12-04-2023 12:16,13.027669,77.568949
12-04-2023 12:16,13.027669,77.568949
12-04-2023 12:16,13.027669,77.568949
12-04-2023 12:16,13.027669,77.568949
12-04-2023 12:16,13.027669,77.568949
12-04-2023 12:16,13.027669,77.568949
12-04-2023 12:16,13.027716,77.568959
12-04-2023 12:16,13.027716,77.568959
12-04-2023 12:16,13.027716,77.568959
12-04-2023 12:16,13.027716,77.568959
12-04-2023 12:16,13.027716,77.568959
12-04-2023 12:16,13.027716,77.568959
12-04-2023 12:16,13.027744,77.568958
12-04-2023 12:16,13.027744,77.568958
12-04-2023 12:16,13.027744,77.568958
12-04-2023 12:16,13.027744,77.568958
12-04-2023 12:16,13.027744,77.568958
12-04-2023 12:16,13.027744,77.568958
12-04-2023 12:16,13.027744,77.568958
12-04-2023 12:16,13.027785,77.568958
12-04-2023 12:16,13.027785,77.568958
12-04-2023 12:16,13.027785,77.568958
12-04-2023 12:16,13.027785,77.568958
12-04-2023 12:16,13.027785,77.568958
12-04-2023 12:16,13.027785,77.568958
12-04-2023 12:16,13.027835,77.568955
12-04-2023 12:16,13.027835,77.568955
12-04-2023 12:16,13.027835,77.568955
12-04-2023 12:16,13.027835,77.568955
12-04-2023 12:16,13.027835,77.568955
12-04-2023 12:16,13.027835,77.568955
12-04-2023 12:16,13.027835,77.568955
12-04-2023 12:16,13.027873,77.568966
12-04-2023 12:16,13.027873,77.568966
12-04-2023 12:16,13.027873,77.568966
12-04-2023 12:16,13.027873,77.568966
12-04-2023 12:16,13.027873,77.568966
12-04-2023 12:16,13.027873,77.568966
12-04-2023 12:16,13.027866,77.569045
12-04-2023 12:16,13.027866,77.569045
12-04-2023 12:16,13.027866,77.569045
12-04-2023 12:16,13.027866,77.569045
12-04-2023 12:16,13.027866,77.569045
12-04-2023 12:16,13.027866,77.569045
12-04-2023 12:16,13.027866,77.569045
12-04-2023 12:16,13.02788,77.569074
12-04-2023 12:16,13.02788,77.569074
12-04-2023 12:16,13.02788,77.569074
12-04-2023 12:16,13.02788,77.569074
12-04-2023 12:16,13.02788,77.569074
12-04-2023 12:16,13.02788,77.569074
12-04-2023 12:16,13.02788,77.569074
12-04-2023 12:16,13.027889,77.569116
12-04-2023 12:16,13.027889,77.569116
12-04-2023 12:16,13.027889,77.569116
12-04-2023 12:16,13.027889,77.569116
12-04-2023 12:16,13.027889,77.569116
12-04-2023 12:16,13.027889,77.569116
12-04-2023 12:16,13.027889,77.569116
12-04-2023 12:16,13.027922,77.569174
12-04-2023 12:16,13.027922,77.569174
12-04-2023 12:16,13.027922,77.569174
12-04-2023 12:16,13.027922,77.569174
12-04-2023 12:16,13.027922,77.569174
12-04-2023 12:16,13.027922,77.569174
12-04-2023 12:16,13.027936,77.56924
12-04-2023 12:16,13.027936,77.56924
12-04-2023 12:16,13.027936,77.56924
12-04-2023 12:16,13.027936,77.56924
12-04-2023 12:16,13.027936,77.56924
12-04-2023 12:16,13.027936,77.56924
12-04-2023 12:16,13.02795,77.569297
12-04-2023 12:16,13.02795,77.569297
12-04-2023 12:16,13.02795,77.569297
12-04-2023 12:16,13.02795,77.569297
12-04-2023 12:16,13.02795,77.569297
12-04-2023 12:16,13.02795,77.569297
12-04-2023 12:16,13.02795,77.569297
12-04-2023 12:16,13.027943,77.569361
12-04-2023 12:16,13.027943,77.569361
12-04-2023 12:16,13.027943,77.569361
12-04-2023 12:16,13.027943,77.569361
12-04-2023 12:16,13.027943,77.569361
12-04-2023 12:16,13.027943,77.569361
12-04-2023 12:16,13.027937,77.569433
12-04-2023 12:16,13.027937,77.569433
12-04-2023 12:16,13.027937,77.569433
12-04-2023 12:16,13.027937,77.569433
12-04-2023 12:16,13.027937,77.569433
12-04-2023 12:16,13.027937,77.569433
12-04-2023 12:16,13.027937,77.569433
12-04-2023 12:16,13.027938,77.569484
12-04-2023 12:16,13.027938,77.569484
12-04-2023 12:16,13.027938,77.569484
12-04-2023 12:16,13.027938,77.569484
12-04-2023 12:16,13.027938,77.569484
12-04-2023 12:16,13.027938,77.569484
12-04-2023 12:16,13.027938,77.569484
12-04-2023 12:16,13.02794,77.569545
12-04-2023 12:16,13.02794,77.569545
12-04-2023 12:16,13.02794,77.569545
12-04-2023 12:16,13.02794,77.569545
12-04-2023 12:16,13.02794,77.569545
12-04-2023 12:16,13.02794,77.569545
12-04-2023 12:16,13.027941,77.569588
12-04-2023 12:16,13.027941,77.569588
12-04-2023 12:16,13.027941,77.569588
12-04-2023 12:16,13.027941,77.569588
12-04-2023 12:16,13.027941,77.569588
12-04-2023 12:16,13.027941,77.569588
12-04-2023 12:16,13.027937,77.569649
12-04-2023 12:16,13.027937,77.569649
12-04-2023 12:16,13.027937,77.569649
12-04-2023 12:16,13.027937,77.569649
12-04-2023 12:16,13.027937,77.569649
12-04-2023 12:16,13.027937,77.569649
12-04-2023 12:16,13.027929,77.569672
12-04-2023 12:16,13.027929,77.569672
12-04-2023 12:16,13.027929,77.569672
12-04-2023 12:16,13.027929,77.569672
12-04-2023 12:16,13.027929,77.569672
12-04-2023 12:16,13.027929,77.569672
12-04-2023 12:16,13.027927,77.569688
12-04-2023 12:16,13.027927,77.569688
12-04-2023 12:16,13.027927,77.569688
12-04-2023 12:16,13.027927,77.569688
12-04-2023 12:16,13.027927,77.569688
12-04-2023 12:16,13.027927,77.569688
12-04-2023 12:16,13.027927,77.569688
12-04-2023 12:16,13.027935,77.569713
12-04-2023 12:16,13.027935,77.569713
12-04-2023 12:16,13.027935,77.569713
12-04-2023 12:16,13.027935,77.569713
12-04-2023 12:16,13.027935,77.569713
12-04-2023 12:16,13.027935,77.569713
12-04-2023 12:16,13.027927,77.569729
12-04-2023 12:16,13.027927,77.569729
12-04-2023 12:16,13.027927,77.569729
12-04-2023 12:16,13.027927,77.569729
12-04-2023 12:16,13.027927,77.569729
12-04-2023 12:16,13.027927,77.569729
12-04-2023 12:16,13.027927,77.569767
12-04-2023 12:16,13.027927,77.569767
12-04-2023 12:16,13.027927,77.569767
12-04-2023 12:16,13.027927,77.569767
12-04-2023 12:16,13.027927,77.569767
12-04-2023 12:16,13.027927,77.569767
12-04-2023 12:16,13.027927,77.569767
12-04-2023 12:16,13.02792,77.569784
12-04-2023 12:16,13.02792,77.569784
12-04-2023 12:16,13.02792,77.569784
12-04-2023 12:16,13.02792,77.569784
12-04-2023 12:16,13.02792,77.569784
12-04-2023 12:16,13.02792,77.569784
12-04-2023 12:16,13.027915,77.569804
12-04-2023 12:16,13.027915,77.569804
12-04-2023 12:16,13.027915,77.569804
12-04-2023 12:16,13.027915,77.569804
12-04-2023 12:16,13.027915,77.569804
12-04-2023 12:16,13.027915,77.569804
12-04-2023 12:16,13.027911,77.569824
12-04-2023 12:16,13.027911,77.569824
12-04-2023 12:16,13.027911,77.569824
12-04-2023 12:16,13.027911,77.569824
12-04-2023 12:16,13.027911,77.569824
12-04-2023 12:16,13.027911,77.569824
12-04-2023 12:16,13.02791,77.569833
12-04-2023 12:16,13.02791,77.569833
12-04-2023 12:16,13.02791,77.569833
